Model,MAE,RMSE,R2
Linear Regression,56.633623741415605,69.44678051264393,-0.05016110262826001
Random Forest,61.04562466711299,74.58049695479872,-0.21116200955812436
Gradient Boosting,61.7004181209196,75.00980999573486,-0.2251459391409909
